bowler,Overs,Runs,Dot Balls,Wickets,Economy
YS Chahal,604.6666666666666,4681,1349,213.0,7.741455347298787
DJ Bravo,549.3333333333334,4436,1225,207.0,8.075242718446601
PP Chawla,649.1666666666666,5179,1402,201.0,7.977920410783056
SP Narine,691.0,4672,1694,200.0,6.7612156295224315
R Ashwin,779.8333333333334,5435,1758,198.0,6.969437914084206
B Kumar,676.6666666666666,5051,1872,195.0,7.464532019704434
SL Malinga,495.6666666666667,3486,1357,188.0,7.032952252858103
A Mishra,574.0,4193,1282,183.0,7.304878048780488
JJ Bumrah,530.8333333333334,3840,1391,182.0,7.233908948194662
RA Jadeja,649.1666666666666,4917,1324,169.0,7.5743260590500645
UT Yadav,531.6666666666666,4442,1381,163.0,8.354858934169279
Harbhajan Singh,582.6666666666666,4101,1390,161.0,7.0383295194508015
Rashid Khan,483.5,3340,1141,157.0,6.907962771458118
Sandeep Sharma,487.5,3758,1254,153.0,7.708717948717949
HV Patel,380.6666666666667,3215,869,151.0,8.44570928196147
MM Sharma,384.6666666666667,3278,853,147.0,8.52166377816291
Mohammed Shami,420.1666666666667,3486,1121,144.0,8.296707655692185
AR Patel,525.3333333333334,3824,1114,131.0,7.279187817258883
TA Boult,404.6666666666667,3286,1105,128.0,8.120263591433279
R Vinay Kumar,364.3333333333333,3041,850,127.0,8.346752058554438
K Rabada,317.8333333333333,2652,829,126.0,8.34399580492921
AD Russell,295.1666666666667,2691,684,125.0,9.116883116883116
A Nehra,329.0,2537,888,121.0,7.711246200607903
Z Khan,379.3333333333333,2860,1005,119.0,7.539543057996485
JD Unadkat,365.6666666666667,3219,770,109.0,8.803099361896079
CH Morris,300.1666666666667,2377,781,107.0,7.91893392559689
SR Watson,356.1666666666667,2742,952,107.0,7.698642957416939
DW Steyn,380.3333333333333,2583,1159,105.0,6.791411042944786
P Kumar,439.5,3342,1260,102.0,7.604095563139932
RP Singh,312.3333333333333,2417,879,100.0,7.738527214514408
SN Thakur,329.8333333333333,2908,777,100.0,8.816574027286508
PP Ojha,324.1666666666667,2399,753,99.0,7.40051413881748
IK Pathan,352.1666666666667,2711,954,99.0,7.698059630856601
JA Morkel,301.1666666666667,2409,762,96.0,7.998893193137797
Mohammed Siraj,346.8333333333333,2894,971,96.0,8.34406535319558
I Sharma,404.8333333333333,3255,1144,96.0,8.04034582132565
DS Kulkarni,312.6666666666667,2513,849,91.0,8.03731343283582
Kuldeep Yadav,297.6666666666667,2413,579,90.0,8.106382978723405
M Morkel,283.1666666666667,2136,804,88.0,7.543260741612713
Imran Tahir,223.33333333333334,1729,474,86.0,7.741791044776119
L Balaji,262.3333333333333,2083,641,85.0,7.940279542566709
CV Varun,270.6666666666667,2042,638,85.0,7.544334975369457
Arshdeep Singh,242.16666666666666,2097,588,84.0,8.659325533379215
R Bhatia,276.8333333333333,2059,490,82.0,7.437688139674895
AB Dinda,264.8333333333333,2103,711,82.0,7.940843297671492
MM Patel,230.33333333333334,1733,634,82.0,7.523878437047757
KV Sharma,253.33333333333334,2130,537,82.0,8.407894736842104
KA Pollard,264.3333333333333,2200,518,81.0,8.32282471626734
Avesh Khan,231.66666666666666,2010,565,81.0,8.676258992805757
KH Pandya,363.8333333333333,2644,764,80.0,7.267063673843335
DL Chahar,291.0,2243,800,79.0,7.707903780068729
KK Ahmed,224.16666666666666,1918,607,78.0,8.556133828996282
T Natarajan,233.5,2001,507,76.0,8.569593147751606
RD Chahar,282.8333333333333,2165,622,76.0,7.65468473777254
JP Faulkner,214.5,1849,487,76.0,8.62004662004662
MJ McClenaghan,224.33333333333334,1839,599,75.0,8.197622585438335
JH Kallis,299.8333333333333,2348,693,74.0,7.8310172317954425
SK Trivedi,259.5,1944,572,73.0,7.491329479768786
Shakib Al Hasan,252.5,1864,554,71.0,7.3821782178217825
HH Pandya,247.5,2196,574,70.0,8.872727272727273
Mustafizur Rahman,225.5,1792,538,70.0,7.946784922394679
Ravi Bishnoi,243.33333333333334,1861,554,68.0,7.647945205479452
M Muralitharan,263.5,1765,695,67.0,6.698292220113852
PJ Cummins,228.33333333333334,1976,548,66.0,8.654014598540146
MG Johnson,216.83333333333334,1740,619,66.0,8.024596464258263
S Kaul,206.33333333333334,1772,436,63.0,8.588045234248789
A Nortje,182.83333333333334,1614,465,62.0,8.82771194165907
SM Curran,205.66666666666666,1924,446,62.0,9.354943273905997
SK Warne,203.83333333333334,1465,471,60.0,7.187244480784955
JO Holder,174.83333333333334,1489,392,59.0,8.516682554814109
MA Starc,146.5,1175,408,59.0,8.020477815699659
TG Southee,210.33333333333334,1774,528,57.0,8.434231378763867
LH Ferguson,167.0,1451,413,57.0,8.688622754491018
M Prasidh Krishna,205.16666666666666,1741,566,54.0,8.48578391551584
S Nadeem,240.66666666666666,1800,494,54.0,7.4792243767313025
S Gopal,166.66666666666666,1358,334,53.0,8.148
NM Coulter-Nile,148.66666666666666,1125,419,52.0,7.567264573991032
SB Jakati,183.5,1474,370,50.0,8.032697547683924
A Kumble,163.83333333333334,1089,410,49.0,6.646998982706002
JC Archer,164.5,1210,480,49.0,7.355623100303951
AJ Tye,119.0,1005,253,48.0,8.445378151260504
S Aravind,131.33333333333334,1057,330,48.0,8.048223350253807
RJ Harris,144.16666666666666,1085,422,47.0,7.526011560693642
TU Deshpande,138.5,1275,357,46.0,9.205776173285198
VR Aaron,177.5,1527,481,46.0,8.60281690140845
YK Pathan,197.33333333333334,1443,456,46.0,7.3125
MC Henriques,163.16666666666666,1302,343,46.0,7.9795709908069465
MP Stoinis,138.5,1300,265,45.0,9.386281588447654
Iqbal Abdulla,157.16666666666666,1125,369,45.0,7.158006362672323
PJ Sangwan,150.83333333333334,1267,383,44.0,8.4
S Sreesanth,157.83333333333334,1221,471,43.0,7.736008447729672
DE Bollinger,100.0,716,292,43.0,7.16
P Awana,129.0,1046,332,43.0,8.108527131782946
R Sharma,155.83333333333334,1100,351,42.0,7.0588235294117645
GJ Maxwell,160.83333333333334,1311,330,41.0,8.151295336787564
WD Parnell,126.33333333333333,968,345,40.0,7.6622691292875995
MM Ali,128.33333333333334,900,285,40.0,7.012987012987012
DT Christian,153.66666666666666,1218,354,40.0,7.926247288503254
Washington Sundar,177.33333333333334,1335,375,39.0,7.5281954887218046
MS Gony,154.16666666666666,1317,401,39.0,8.542702702702703
M Kartik,197.0,1418,433,39.0,7.197969543147208
Yuvraj Singh,147.0,1091,282,39.0,7.421768707482993
P Negi,122.16666666666667,954,266,38.0,7.80900409276944
DP Nannes,114.83333333333333,815,347,38.0,7.097242380261249
M Pathirana,83.83333333333333,617,230,38.0,7.359840954274354
M Markande,122.83333333333333,1081,234,37.0,8.800542740841248
NLTC Perera,119.16666666666667,1031,253,37.0,8.651748251748252
MR Marsh,98.83333333333333,803,221,37.0,8.1247892074199
KK Cooper,100.0,789,233,36.0,7.89
CJ Jordan,119.5,1111,264,36.0,9.297071129707113
R Tewatia,144.33333333333334,1117,292,36.0,7.739030023094688
JR Hazlewood,103.66666666666667,830,288,36.0,8.006430868167202
PWH de Silva,92.83333333333333,758,214,36.0,8.165170556552964
M Ashwin,149.66666666666666,1182,325,35.0,7.8975501113585755
DL Vettori,130.83333333333334,894,291,34.0,6.83312101910828
MF Maharoof,73.5,532,196,33.0,7.238095238095238
Shivam Mavi,114.5,958,300,33.0,8.366812227074236
AB Agarkar,136.66666666666666,1174,310,33.0,8.590243902439026
CR Woakes,77.16666666666667,674,195,31.0,8.734341252699783
Yash Dayal,102.5,933,257,31.0,9.102439024390243
Harmeet Singh,95.66666666666667,747,236,31.0,7.808362369337979
Azhar Mahmood,92.0,707,219,31.0,7.684782608695652
BA Stokes,120.5,1023,281,31.0,8.489626556016598
Umran Malik,86.5,785,241,31.0,9.07514450867052
Mukesh Kumar,70.0,707,157,31.0,10.1
A Singh,81.0,639,212,31.0,7.888888888888889
SK Raina,155.0,1139,321,30.0,7.348387096774194
A Zampa,70.83333333333333,562,139,30.0,7.934117647058824
B Lee,152.66666666666666,1126,435,30.0,7.3755458515283845
L Ngidi,57.0,460,155,28.0,8.070175438596491
STR Binny,101.83333333333333,763,221,28.0,7.4926350245499185
PV Tambe,112.33333333333333,866,229,28.0,7.70919881305638
AD Mathews,134.5,1095,253,28.0,8.141263940520446
Mohsin Khan,84.5,698,233,27.0,8.2603550295858
Yash Thakur,72.0,702,164,27.0,9.75
DR Smith,92.83333333333333,825,194,27.0,8.88689407540395
J Botha,118.16666666666667,818,283,27.0,6.922425952045134
Harshit Rana,67.16666666666667,590,173,27.0,8.784119106699752
R Dhawan,115.5,922,247,27.0,7.982683982683983
Basil Thampi,89.83333333333333,862,181,26.0,9.595547309833025
Naveen-ul-Haq,67.83333333333333,602,157,26.0,8.874692874692876
SW Tait,89.0,668,281,26.0,7.50561797752809
Navdeep Saini,113.66666666666667,968,307,26.0,8.516129032258064
M Theekshana,105.16666666666667,814,208,25.0,7.740095087163232
GB Hogg,77.66666666666667,585,177,25.0,7.532188841201716
RE van der Merwe,75.83333333333333,515,171,25.0,6.791208791208792
Harpreet Brar,115.33333333333333,907,252,25.0,7.864161849710983
Sohail Tanvir,44.166666666666664,275,148,24.0,6.226415094339623
AS Rajpoot,94.5,844,247,24.0,8.931216931216932
Noor Ahmad,85.5,672,198,24.0,7.859649122807017
BW Hilfenhaus,65.0,497,200,23.0,7.6461538461538465
JP Duminy,116.83333333333333,847,265,23.0,7.249643366619116
A Symonds,90.0,694,219,23.0,7.711111111111111
WPUJC Vaas,48.0,364,138,22.0,7.583333333333333
Bipul Sharma,72.66666666666667,581,149,22.0,7.9954128440366965
JP Behrendorff,63.166666666666664,563,159,22.0,8.91292875989446
K Gowtham,99.83333333333333,825,227,22.0,8.263772954924875
AS Joseph,75.66666666666667,707,191,22.0,9.343612334801762
M Jansen,81.16666666666667,732,218,22.0,9.018480492813142
Akash Madhwal,46.5,431,100,22.0,9.268817204301076
VY Mahesh,59.833333333333336,511,143,22.0,8.540389972144846
KW Richardson,57.5,479,146,21.0,8.330434782608696
Anureet Singh,71.66666666666667,636,166,21.0,8.874418604651162
RP Meredith,69.16666666666667,621,181,21.0,8.978313253012047
Shahbaz Ahmed,91.5,850,160,21.0,9.289617486338798
VG Arora,69.66666666666667,598,183,20.0,8.583732057416267
Mujeeb Ur Rahman,75.33333333333333,598,170,20.0,7.938053097345133
BB Sran,86.0,767,207,20.0,8.918604651162791
C Sakariya,76.66666666666667,610,181,20.0,7.956521739130435
J Suchith,72.33333333333333,604,156,20.0,8.350230414746544
C Green,77.0,675,183,20.0,8.766233766233766
CRD Fernando,41.5,306,119,19.0,7.373493975903615
NT Ellis,60.833333333333336,514,127,19.0,8.449315068493151
A Ashish Reddy,45.0,400,89,19.0,8.88888888888889
CH Gayle,97.33333333333333,755,224,19.0,7.756849315068494
IC Pandey,78.16666666666667,609,229,19.0,7.791044776119403
AD Mascarenhas,51.666666666666664,365,132,19.0,7.064516129032258
BJ Hodge,39.666666666666664,310,83,18.0,7.815126050420169
D Wiese,51.166666666666664,447,96,17.0,8.736156351791532
R Rampaul,46.333333333333336,319,146,17.0,6.884892086330935
LR Shukla,54.333333333333336,458,127,17.0,8.429447852760736
Vijaykumar Vyshak,40.5,396,75,17.0,9.777777777777779
CR Brathwaite,44.333333333333336,384,89,16.0,8.661654135338345
Kartik Tyagi,76.33333333333333,720,186,16.0,9.43231441048035
RG Sharma,58.166666666666664,462,104,16.0,7.9426934097421205
AC Thomas,54.5,416,143,16.0,7.63302752293578
Mukesh Choudhary,49.666666666666664,452,139,16.0,9.100671140939598
VRV Singh,61.833333333333336,549,128,16.0,8.878706199460916
ST Jayasuriya,50.166666666666664,396,93,16.0,7.893687707641196
MJ Santner,61.666666666666664,428,140,16.0,6.940540540540541
Mohammad Nabi,69.83333333333333,527,155,15.0,7.5465393794749405
AN Ahmed,60.333333333333336,515,144,15.0,8.535911602209945
SJ Srivastava,51.0,444,130,15.0,8.705882352941176
YA Abdulla,37.0,311,104,15.0,8.405405405405405
RR Powar,73.83333333333333,538,191,15.0,7.286681715575622
DR Sams,64.83333333333333,528,172,15.0,8.143958868894602
DJG Sammy,40.666666666666664,354,82,14.0,8.704918032786885
Karanveer Singh,35.5,323,75,14.0,9.098591549295774
S Lamichhane,35.166666666666664,297,78,14.0,8.445497630331754
AB McDonald,31.333333333333332,263,54,14.0,8.393617021276595
GD McGrath,54.833333333333336,366,166,14.0,6.674772036474164
Kamran Khan,29.5,248,81,14.0,8.40677966101695
CJ Anderson,52.5,525,104,14.0,10.0
Umar Gul,25.5,198,73,14.0,7.764705882352941
R McLaren,62.0,558,144,14.0,9.0
JR Hopes,61.5,562,128,14.0,9.138211382113822
KR Sen,42.5,396,101,14.0,9.31764705882353
J Theron,39.166666666666664,311,88,13.0,7.940425531914894
J Little,39.333333333333336,341,92,13.0,8.669491525423728
CK Langeveldt,27.5,199,84,13.0,7.236363636363636
SM Pollock,46.666666666666664,307,136,13.0,6.578571428571429
BA Bhatt,50.5,408,104,13.0,8.07920792079208
TK Curran,42.0,432,70,13.0,10.285714285714286
R Sai Kishore,31.833333333333332,259,62,13.0,8.136125654450263
Joginder Sharma,45.333333333333336,421,83,13.0,9.286764705882353
RS Bopara,35.5,301,73,13.0,8.47887323943662
G Coetzee,36.0,357,96,13.0,9.916666666666666
JDP Oram,40.666666666666664,362,92,13.0,8.901639344262296
V Shankar,43.0,344,97,12.0,8.0
V Pratap Singh,35.166666666666664,300,82,12.0,8.530805687203792
Ankit Sharma,62.5,453,147,12.0,7.248
BCJ Cutting,48.0,430,85,12.0,8.958333333333334
AG Murtaza,44.833333333333336,322,111,12.0,7.182156133828996
SC Ganguly,46.666666666666664,370,85,12.0,7.928571428571429
TS Mills,36.333333333333336,349,84,11.0,9.605504587155963
A Chandila,39.0,245,105,11.0,6.282051282051282
PVD Chameera,49.5,442,141,11.0,8.929292929292929
Pankaj Singh,51.833333333333336,472,125,11.0,9.106109324758842
LS Livingstone,44.5,395,81,11.0,8.876404494382022
JL Pattinson,37.0,321,87,11.0,8.675675675675675
OC McCoy,30.0,255,69,11.0,8.5
MA Wood,21.166666666666668,192,61,11.0,9.070866141732283
Abhishek Sharma,46.333333333333336,396,83,11.0,8.546762589928058
BE Hendricks,26.166666666666668,239,61,11.0,9.13375796178344
KP Appanna,37.0,291,76,11.0,7.864864864864865
Lalit Yadav,49.0,430,91,11.0,8.775510204081632
S Badree,43.833333333333336,329,119,11.0,7.505703422053232
JD Ryder,40.166666666666664,314,89,11.0,7.817427385892117
Suyash Sharma,44.0,381,93,11.0,8.659090909090908
DJ Hooda,64.0,535,116,10.0,8.359375
DJ Hussey,53.833333333333336,485,98,10.0,9.009287925696594
KMA Paul,30.0,239,67,10.0,7.966666666666667
N Rana,30.833333333333332,253,64,10.0,8.205405405405406
MN Samuels,36.5,285,85,10.0,7.808219178082192
K Kartikeya,40.166666666666664,334,81,10.0,8.315352697095436
B Laughlin,29.833333333333332,284,54,10.0,9.5195530726257
J Syed Mohammad,32.666666666666664,286,54,10.0,8.755102040816327
Anand Rajan,27.0,206,75,10.0,7.62962962962963
Simarjeet Singh,32.166666666666664,265,97,10.0,8.238341968911918
T Thushara,24.0,164,67,10.0,6.833333333333333
JEC Franklin,25.833333333333332,225,43,9.0,8.70967741935484
IS Sodhi,30.333333333333332,204,67,9.0,6.725274725274725
KA Jamieson,29.833333333333332,271,79,9.0,9.083798882681565
SE Bond,31.833333333333332,225,81,9.0,7.068062827225131
BAW Mendis,41.333333333333336,306,83,9.0,7.403225806451612
AF Milne,36.166666666666664,339,87,9.0,9.373271889400922
Rasikh Salam,34.5,341,68,9.0,9.884057971014492
J Yadav,66.33333333333333,447,162,9.0,6.738693467336684
SB Styris,37.0,278,91,9.0,7.513513513513513
SMSM Senanayake,32.5,211,78,9.0,6.492307692307692
AM Nayar,39.833333333333336,323,80,9.0,8.10878661087866
Mohammad Asif,33.166666666666664,307,77,9.0,9.256281407035177
KP Pietersen,30.0,218,63,9.0,7.266666666666667
P Parameswaran,26.5,226,70,9.0,8.528301886792454
Shahid Afridi,30.833333333333332,237,70,9.0,7.686486486486487
A Mithun,52.0,477,114,8.0,9.173076923076923
MP Yadav,12.666666666666666,88,44,8.0,6.947368421052632
N Thushara,28.666666666666668,259,66,8.0,9.034883720930232
GC Viljoen,24.333333333333332,229,55,8.0,9.41095890410959
JDS Neesham,37.0,342,74,8.0,9.243243243243244
AA Chavan,42.5,339,117,8.0,7.976470588235294
Akash Deep,29.166666666666668,324,66,8.0,11.108571428571429
M Ntini,35.5,257,110,8.0,7.23943661971831
KC Cariappa,37.333333333333336,349,69,8.0,9.348214285714285
I Udana,30.333333333333332,286,57,8.0,9.428571428571429
S Sandeep Warrier,29.333333333333332,257,82,8.0,8.761363636363637
S Randiv,30.0,223,66,8.0,7.433333333333334
KM Asif,23.833333333333332,232,55,7.0,9.734265734265735
HF Gurney,28.166666666666668,239,57,7.0,8.485207100591715
Y Venugopal Rao,37.0,338,66,7.0,9.135135135135135
RR Raje,24.0,214,45,7.0,8.916666666666666
D Pretorius,27.666666666666668,242,62,7.0,8.74698795180723
PC Valthaty,25.5,207,48,7.0,8.117647058823529
P Amarnath,22.0,241,34,7.0,10.954545454545455
N Burger,17.5,152,53,7.0,8.685714285714285
TL Suman,25.333333333333332,198,45,7.0,7.815789473684211
OF Smith,15.833333333333334,179,40,7.0,11.305263157894736
AM Salvi,26.0,205,67,7.0,7.884615384615385
C de Grandhomme,38.333333333333336,323,75,7.0,8.426086956521738
B Stanlake,25.0,200,70,7.0,8.0
B Akhil,32.166666666666664,246,69,7.0,7.647668393782384
Swapnil Singh,27.5,241,41,7.0,8.763636363636364
R Shukla,21.666666666666668,217,53,7.0,10.015384615384615
DJ Willey,36.833333333333336,277,89,7.0,7.520361990950226
V Sehwag,23.0,236,46,6.0,10.26086956521739
AS Roy,23.666666666666668,191,54,6.0,8.070422535211268
Fazalhaq Farooqi,27.0,229,68,6.0,8.481481481481481
S Narwal,18.833333333333332,203,45,6.0,10.778761061946904
S Kaushik,35.0,304,78,6.0,8.685714285714285
S Dube,19.5,190,31,6.0,9.743589743589743
JE Taylor,20.333333333333332,167,59,6.0,8.213114754098362
RV Gomez,16.166666666666668,130,39,6.0,8.041237113402062
FH Edwards,25.0,160,84,6.0,6.4
Ramandeep Singh,7.5,64,18,6.0,8.533333333333333
S Tyagi,36.666666666666664,304,109,6.0,8.290909090909091
SB Bangar,25.5,221,60,6.0,8.666666666666666
DG Nalkande,14.833333333333334,150,29,6.0,10.112359550561797
Jaskaran Singh,18.5,174,49,6.0,9.405405405405405
SS Cottrell,21.833333333333332,177,70,6.0,8.106870229007635
R Sathish,24.0,233,36,6.0,9.708333333333334
R Shepherd,22.166666666666668,260,48,6.0,11.729323308270676
KMDN Kulasekara,17.833333333333332,122,52,6.0,6.841121495327103
Arshad Khan,25.5,282,65,6.0,11.058823529411764
M de Lange,19.333333333333332,171,48,6.0,8.844827586206897
MG Bracewell,11.0,95,26,6.0,8.636363636363637
VS Malik,35.333333333333336,268,94,6.0,7.584905660377358
A Choudhary,18.0,144,49,5.0,8.0
KL Nagarkoti,30.833333333333332,287,57,5.0,9.308108108108108
RJW Topley,17.833333333333332,182,43,5.0,10.205607476635514
R Parag,30.166666666666668,307,42,5.0,10.176795580110497
PD Collingwood,15.0,101,25,5.0,6.733333333333333
O Thomas,10.5,85,24,5.0,8.095238095238095
K Khejroliya,21.5,221,43,5.0,10.279069767441861
L Ablish,7.5,76,14,5.0,10.133333333333333
Shoaib Akhtar,7.666666666666667,54,27,5.0,7.0434782608695645
TM Dilshan,45.833333333333336,368,85,5.0,8.02909090909091
SB Wagh,18.0,147,56,5.0,8.166666666666666
Gurkeerat Singh,13.666666666666666,97,30,5.0,7.097560975609756
AP Dole,12.166666666666666,114,28,5.0,9.36986301369863
V Kohli,44.0,371,64,5.0,8.431818181818182
Shoaib Ahmed,17.166666666666668,154,36,5.0,8.970873786407767
Akash Singh,23.5,227,56,5.0,9.659574468085106
S Ladda,23.5,225,51,5.0,9.574468085106384
HR Shokeen,35.5,320,89,5.0,9.014084507042254
Yudhvir Singh,12.333333333333334,125,32,4.0,10.135135135135135
Parvez Rasool,33.333333333333336,273,64,4.0,8.19
LE Plunkett,25.666666666666668,228,46,4.0,8.883116883116882
Y Nagar,12.0,125,20,4.0,10.416666666666666
S Dhawan,8.166666666666666,72,21,4.0,8.816326530612246
SH Johnson,16.5,155,38,4.0,9.393939393939394
DJ Muthuswami,14.0,108,47,4.0,7.714285714285714
DP Vijaykumar,26.5,205,74,4.0,7.735849056603773
Azmatullah Omarzai,21.833333333333332,194,62,4.0,8.885496183206108
D du Preez,7.166666666666667,56,18,4.0,7.813953488372093
Nithish Kumar Reddy,19.666666666666668,208,39,4.0,10.576271186440678
WA Mota,12.5,98,27,4.0,7.84
Shivam Sharma,19.0,165,37,4.0,8.68421052631579
T Stubbs,4.166666666666667,29,10,4.0,6.959999999999999
Ankit Soni,18.666666666666668,145,41,4.0,7.767857142857142
Arjun Tendulkar,13.833333333333334,117,42,4.0,8.457831325301205
Sikandar Raza,14.666666666666666,146,26,3.0,9.954545454545455
T Shamsi,20.0,185,32,3.0,9.25
DJ Thornely,7.333333333333333,40,21,3.0,5.454545454545455
GHS Garton,16.166666666666668,136,38,3.0,8.412371134020617
JM Kemp,7.833333333333333,58,21,3.0,7.404255319148937
RS Hangargekar,7.166666666666667,60,21,3.0,8.372093023255813
JW Hastings,10.166666666666666,66,34,3.0,6.491803278688525
DAJ Bracewell,4.166666666666667,32,11,3.0,7.68
SM Boland,7.166666666666667,56,16,3.0,7.813953488372093
SM Harwood,11.166666666666666,74,41,3.0,6.6268656716417915
Gagandeep Singh,14.0,142,26,3.0,10.142857142857142
RJ Peterson,8.0,70,21,3.0,8.75
K Santokie,8.5,91,19,3.0,10.705882352941176
MJ Henry,17.5,183,36,3.0,10.457142857142857
P Sahu,17.833333333333332,152,29,3.0,8.52336448598131
MJ Clarke,11.0,72,24,3.0,6.545454545454546
TM Head,9.666666666666666,113,9,3.0,11.689655172413794
AL Menaria,18.833333333333332,144,43,3.0,7.646017699115045
VR Iyer,14.0,145,20,3.0,10.357142857142858
Sachin Baby,1.6666666666666667,8,5,3.0,4.8
JA Richardson,15.666666666666666,162,36,3.0,10.340425531914894
A Uniyal,6.333333333333333,67,11,3.0,10.578947368421053
RN ten Doeschate,13.833333333333334,94,27,3.0,6.795180722891566
JJ van der Wath,12.666666666666666,134,35,3.0,10.578947368421053
R Ninan,6.0,65,8,3.0,10.833333333333334
A Kamboj,11.333333333333334,115,27,2.0,10.147058823529411
A Flintoff,11.0,106,21,2.0,9.636363636363637
KA Maharaj,6.0,39,11,2.0,6.5
MA Khote,5.0,52,6,2.0,10.4
MK Lomror,15.666666666666666,127,26,2.0,8.106382978723405
PH Solanki,6.0,39,12,2.0,6.5
P Suyal,17.833333333333332,154,48,2.0,8.63551401869159
K Yadav,9.0,85,14,2.0,9.444444444444445
KJ Abbott,17.0,182,35,2.0,10.705882352941176
LJ Wright,12.5,125,19,2.0,10.0
Mayank Dagar,23.0,205,45,2.0,8.91304347826087
B Geeves,8.166666666666666,91,16,2.0,11.142857142857144
Shoaib Malik,9.666666666666666,87,23,2.0,9.0
D Kalyankrishna,8.333333333333334,88,13,2.0,10.559999999999999
C Nanda,8.333333333333334,58,16,2.0,6.959999999999999
Abdul Samad,9.166666666666666,113,12,2.0,12.327272727272728
V Kaverappa,4.0,36,11,2.0,9.0
AU Rashid,10.0,91,20,2.0,9.1
AK Markram,20.5,173,35,2.0,8.439024390243903
JPR Scantlebury-Searles,7.5,89,10,2.0,11.866666666666667
DNT Zoysa,11.5,100,26,2.0,8.695652173913043
FA Allen,15.166666666666666,136,27,2.0,8.967032967032967
GD Phillips,5.166666666666667,40,11,2.0,7.741935483870967
Mohammad Hafeez,10.5,71,28,2.0,6.761904761904762
A Badoni,4.166666666666667,37,6,2.0,8.879999999999999
WG Jacks,9.166666666666666,100,12,2.0,10.90909090909091
ND Doshi,9.5,79,25,2.0,8.31578947368421
SD Chitnis,6.333333333333333,62,13,2.0,9.789473684210527
SC Kuggeleijn,8.333333333333334,71,19,2.0,8.52
AA Noffke,4.166666666666667,41,8,1.0,9.84
AJ Finch,7.333333333333333,67,14,1.0,9.136363636363637
AJ Hosein,4.0,41,6,1.0,10.25
AA Kazi,2.1666666666666665,21,3,1.0,9.692307692307693
AA Jhunjhunwala,14.666666666666666,130,31,1.0,8.863636363636363
TP Sudhindra,12.333333333333334,137,22,1.0,11.108108108108107
BMAJ Mendis,5.0,36,11,1.0,7.2
AM Rahane,1.0,5,2,1.0,5.0
AC Gilchrist,0.16666666666666666,0,1,1.0,0.0
Shashank Singh,3.1666666666666665,25,3,1.0,7.894736842105264
SS Mundhe,1.1666666666666667,6,5,1.0,5.142857142857142
SS Sarkar,4.166666666666667,34,4,1.0,8.16
SSB Magala,6.166666666666667,52,7,1.0,8.432432432432432
D Salunkhe,8.5,80,18,1.0,9.411764705882353
V Viyaskanth,10.0,90,19,1.0,9.0
AC Voges,9.333333333333334,76,17,1.0,8.142857142857142
T Henderson,6.0,41,15,1.0,6.833333333333333
SS Agarwal,4.0,42,7,1.0,10.5
SB Joshi,9.166666666666666,82,18,1.0,8.945454545454545
DJM Short,3.0,23,8,1.0,7.666666666666667
CL White,7.666666666666667,86,12,1.0,11.217391304347826
DJ Mitchell,8.5,97,8,1.0,11.411764705882353
GS Sandhu,8.0,86,10,1.0,10.75
SA Abbott,9.833333333333334,104,18,1.0,10.576271186440678
SE Rutherford,7.666666666666667,60,13,1.0,7.826086956521739
S Vidyut,2.1666666666666665,22,6,1.0,10.153846153846155
DB Ravi Teja,3.0,28,4,1.0,9.333333333333334
GH Vihari,7.166666666666667,48,19,1.0,6.697674418604651
IC Porel,4.333333333333333,42,12,1.0,9.692307692307693
M Siddharth,9.666666666666666,72,24,1.0,7.448275862068966
Mashrafe Mortaza,4.666666666666667,59,10,1.0,12.642857142857142
P Dubey,11.166666666666666,91,21,1.0,8.149253731343284
MK Tiwary,7.5,83,12,1.0,11.066666666666666
A Nel,3.0,31,7,1.0,10.333333333333334
NB Singh,4.166666666666667,18,17,1.0,4.319999999999999
Y Prithvi Raj,5.5,57,11,1.0,10.363636363636363
PM Sarvesh Kumar,5.166666666666667,42,12,1.0,8.129032258064516
LI Meriwala,3.1666666666666665,32,6,1.0,10.105263157894738
L Wood,6.333333333333333,94,11,1.0,14.842105263157896
LA Carseldine,1.1666666666666667,6,5,1.0,5.142857142857142
LB Williams,7.0,74,19,1.0,10.571428571428571
R Powell,3.5,35,7,1.0,10.0
RG More,6.166666666666667,63,7,1.0,10.216216216216216
RJ Gleeson,8.5,72,24,1.0,8.470588235294118
KT Maphaka,6.5,90,15,1.0,13.846153846153847
LMP Simmons,3.0,34,2,1.0,11.333333333333334
FY Fazal,2.0,20,1,1.0,10.0
CJ McKay,7.0,60,14,1.0,8.571428571428571
D Jansen,4.666666666666667,53,10,1.0,11.357142857142856
D Brevis,0.5,8,1,1.0,16.0
GR Napier,4.0,28,9,1.0,7.0
MG Neser,4.166666666666667,62,5,0.0,14.879999999999999
A Dananjaya,4.166666666666667,47,7,0.0,11.28
NL McCullum,5.0,35,11,0.0,7.0
Monu Kumar,2.6666666666666665,20,7,0.0,7.5
YBK Jaiswal,0.16666666666666666,6,0,0.0,36.0
NA Saini,2.5,35,3,0.0,14.0
N Wadhera,2.0,13,2,0.0,6.5
NJ Rimmington,3.0,20,10,0.0,6.666666666666667
Mandeep Singh,2.0,26,1,0.0,13.0
MW Short,4.166666666666667,25,12,0.0,6.0
Y Gnaneswara Rao,1.0,7,3,0.0,7.0
RA Tripathi,1.0,12,0,0.0,12.0
K Upadhyay,9.333333333333334,81,22,0.0,8.678571428571429
KAJ Roach,8.666666666666666,80,24,0.0,9.230769230769232
RA Shaikh,1.0,11,1,0.0,11.0
KR Mayers,7.666666666666667,59,16,0.0,7.695652173913043
R Goyal,4.0,34,7,0.0,8.5
R Ravindra,2.0,7,5,0.0,3.5
R Sanjay Yadav,2.3333333333333335,23,8,0.0,9.857142857142856
LPC Silva,1.0,21,0,0.0,21.0
KS Williamson,3.0,31,2,0.0,10.333333333333334
LRPL Taylor,2.1666666666666665,24,1,0.0,11.076923076923078
MB Parmar,3.1666666666666665,33,5,0.0,10.421052631578949
P Prasanth,1.0,18,3,0.0,18.0
P Ray Barman,4.0,56,2,0.0,14.0
M Shahrukh Khan,2.0,16,4,0.0,8.0
M Vijay,6.166666666666667,49,9,0.0,7.945945945945946
M Manhas,7.0,42,15,0.0,6.0
Naman Dhir,4.833333333333333,55,4,0.0,11.379310344827587
MJ Suthar,2.0,26,4,0.0,13.0
Mohit Rathee,2.0,29,3,0.0,14.5
RR Bhatkal,2.0,35,0,0.0,17.5
Jalaj S Saxena,3.0,27,5,0.0,9.0
JE Root,2.0,15,2,0.0,7.5
I Malhotra,1.0,23,0,0.0,23.0
K Goel,11.166666666666666,94,21,0.0,8.417910447761194
RV Patel,3.3333333333333335,22,7,0.0,6.6
RR Bose,2.0,24,5,0.0,12.0
RS Gavaskar,1.0,8,2,0.0,8.0
H Sharma,5.0,62,4,0.0,12.4
S Joseph,5.0,51,17,0.0,10.2
S Rana,2.6666666666666665,18,5,0.0,6.75
S Midhun,2.1666666666666665,29,5,0.0,13.384615384615385
SR Tendulkar,6.166666666666667,59,6,0.0,9.567567567567567
SPD Smith,0.3333333333333333,5,0,0.0,15.0
CK Kapugedera,2.8333333333333335,49,0,0.0,17.294117647058822
SN Khan,0.3333333333333333,6,0,0.0,18.0
DJ Harris,3.0,26,4,0.0,8.666666666666666
S Sriram,3.0,49,2,0.0,16.333333333333332
F du Plessis,1.0,16,0,0.0,16.0
DA Warner,0.3333333333333333,2,1,0.0,6.0
SA Yadav,1.0,8,2,0.0,8.0
RW Price,3.0,33,1,0.0,11.0
Gulbadin Naib,1.0,12,1,0.0,12.0
Gurnoor Brar,3.5,42,9,0.0,12.0
BJ Rohrer,1.1666666666666667,12,2,0.0,10.285714285714285
SS Iyer,1.0,7,4,0.0,7.0
SZ Mulani,5.5,57,10,0.0,10.363636363636363
CJ Dala,3.1666666666666665,34,8,0.0,10.736842105263158
Abdur Razzak,2.3333333333333335,29,6,0.0,12.428571428571427
Sunny Gupta,3.1666666666666665,47,1,0.0,14.842105263157896
Sumit Kumar,3.6666666666666665,38,6,0.0,10.363636363636363
CJ Green,2.8333333333333335,24,6,0.0,8.470588235294118
B Chipli,1.0,20,1,0.0,20.0
C Ganapathy,1.0,13,1,0.0,13.0
C Munro,2.0,15,5,0.0,7.5
Aman Hakim Khan,1.0,13,1,0.0,13.0
AS Raut,5.0,45,7,0.0,9.0
Tejas Baroka,3.5,33,6,0.0,9.428571428571429
Tilak Varma,3.8333333333333335,28,9,0.0,7.304347826086956
Atharva Taide,0.16666666666666666,4,0,0.0,24.0
Arshad Khan (2),2.1666666666666665,25,6,0.0,11.53846153846154
AUK Pathan,6.833333333333333,63,11,0.0,9.219512195121952
VS Yeligati,5.333333333333333,61,10,0.0,11.4375
Vivrant Sharma,3.5,37,7,0.0,10.571428571428571
